{
  "class_counts": {
    "1": 19190,
    "2": 4163,
    "0": 1430
  },
  "agreement_by_class": {
    "0": 0.7280081030081029,
    "1": 0.9194988295822064,
    "2": 0.8986870350670494
  },
  "unanimous_by_class": {
    "0": 0.1839160839160839,
    "1": 0.7476289734236582,
    "2": 0.6898871006485707
  },
  "agreement_overall": 0.9049537285223036,
  "clean_len": {
    "mean": 9.104184319896703,
    "median": 9.0,
    "p95": 16.0,
    "max": 31,
    "le50": 1.0
  },
  "raw_len_mean": 14.117015696243392,
  "vocab_size": 35051,
  "total_tokens": 225629,
  "distinctive": {
    "0": [
      [
        "niggers",
        56,
        26.53
      ],
      [
        "faggots",
        62,
        19.58
      ],
      [
        "nigger",
        112,
        14.32
      ],
      [
        "faggot",
        192,
        12.73
      ],
      [
        "fag",
        76,
        8.33
      ],
      [
        "white",
        130,
        7.61
      ],
      [
        "fucking",
        96,
        2.88
      ],
      [
        "people",
        59,
        2.6
      ],
      [
        "hate",
        58,
        2.25
      ],
      [
        "nigga",
        140,
        2.06
      ],
      [
        "trash",
        113,
        1.74
      ],
      [
        "niggas",
        76,
        1.71
      ]
    ],
    "1": [
      [
        "bitches",
        3064,
        16.79
      ],
      [
        "loyal",
        133,
        14.58
      ],
      [
        "pussy",
        2110,
        12.17
      ],
      [
        "bitch",
        8133,
        12.1
      ],
      [
        "booty",
        71,
        11.67
      ],
      [
        "hoes",
        2339,
        10.83
      ],
      [
        "fucked",
        170,
        9.31
      ],
      [
        "thot",
        52,
        8.55
      ],
      [
        "slap",
        51,
        8.38
      ],
      [
        "pussies",
        100,
        8.22
      ],
      [
        "hoe",
        1874,
        7.7
      ],
      [
        "basic",
        86,
        7.07
      ]
    ],
    "2": [
      [
        "yankees",
        292,
        78.33
      ],
      [
        "yankee",
        61,
        65.45
      ],
      [
        "jihadi",
        60,
        42.92
      ],
      [
        "charlie",
        276,
        42.31
      ],
      [
        "oreo",
        65,
        31.0
      ],
      [
        "brownies",
        78,
        25.75
      ],
      [
        "yellow",
        219,
        22.93
      ],
      [
        "oreos",
        48,
        22.89
      ],
      [
        "mock",
        66,
        21.79
      ],
      [
        "sole",
        46,
        19.74
      ],
      [
        "via",
        59,
        16.88
      ],
      [
        "bird",
        304,
        15.35
      ]
    ]
  },
  "len_hist_by_class": {
    "0": [
      0,
      7,
      49,
      73,
      117,
      103,
      98,
      117,
      105,
      104,
      104,
      98,
      109,
      81,
      70,
      63,
      56,
      29,
      21,
      10,
      6,
      5,
      3,
      1,
      1,
      0,
      0,
      0,
      0,
      0,
      0
    ],
    "1": [
      0,
      37,
      498,
      1036,
      1481,
      1678,
      1776,
      1678,
      1638,
      1509,
      1441,
      1235,
      1169,
      1017,
      911,
      768,
      521,
      363,
      211,
      118,
      50,
      32,
      12,
      6,
      3,
      1,
      0,
      1,
      0,
      0,
      0
    ],
    "2": [
      0,
      7,
      98,
      157,
      215,
      255,
      291,
      261,
      268,
      291,
      293,
      318,
      325,
      303,
      295,
      253,
      199,
      134,
      95,
      53,
      22,
      11,
      7,
      6,
      1,
      3,
      1,
      0,
      0,
      0,
      1
    ]
  }
}